model,quant,backend,decoding,tier,n_seeds,fcr_mean,fcr_ci_low,fcr_ci_high,svr_mean,tsa_mean,ac_mean,abstention_mean,vram_gb,eta,delta_fcr_rel,delta_ac_rel,baseline_quant
Llama-3.2-1B-Instruct,fp16,llama-cpp,free,T1+T6,3,0.3008985808045001,0.27659169726642185,0.32662115824231647,0.32666666666666666,0.64,0.18785335790148325,0.04907429864985043,2.8408203125,0.10591961043101,,,fp16
Llama-3.2-1B-Instruct,Q8_0,llama-cpp,free,T1+T6,3,0.2836012161187722,0.26630904183535764,0.3020322580645161,0.305,0.6366666666666667,0.1762228952150212,0.016515302593401063,1.7685546875,0.16035761750724611,0.05748569713915118,0.06191245563234195,fp16
Llama-3.2-1B-Instruct,Q5_K_M,llama-cpp,free,T1+T6,3,0.2906698220249848,0.27773891512527876,0.31510490427484916,0.3133333333333333,0.6216666666666667,0.1887153909017468,0.03896389719819261,1.3876953125,0.20946227850357807,0.033994041288486904,-0.004588861279315704,fp16
Llama-3.2-1B-Instruct,Q4_K_M,llama-cpp,free,T1+T6,3,0.28320315288057224,0.25819548872180453,0.30524437927663733,0.28,0.6633333333333334,0.17352092352092352,0.015958354668032085,1.2913411458333333,0.21930932332974992,0.05880861211314566,0.07629586471419983,fp16
Llama-3.2-1B-Instruct,fp16,llama-cpp,free,T2+T3,3,0.5540902399780904,0.5452102803738318,0.5588461538461539,0.5716666666666667,0.515,0.12969429324569512,1.0,2.8616536458333335,0.1936258920728806,,,fp16
Llama-3.2-1B-Instruct,Q4_K_M,llama-cpp,free,T2+T3,3,0.5356111997033529,0.5238194444444444,0.5473722627737226,0.3383333333333334,0.715,0.08911146548007863,1.0,1.3128255208333333,0.40798353719035463,0.033350236011138096,0.3129114377356271,fp16
Qwen3-0.6B,fp16,llama-cpp,constrained,T1+T6,1,0.8229179467485919,0.8229179467485919,0.8229179467485919,0.865,0.93,0.6236559139784946,0.873015873015873,3.25390625,0.2529015538627125,,,fp16
Qwen3-0.6B,Q8_0,llama-cpp,constrained,T1+T6,1,0.8242620327700972,0.8242620327700972,0.8242620327700972,0.865,0.93,0.6290322580645161,0.873015873015873,1.4541015625,0.5668531373784953,-0.0016333171816412023,-0.008620689655172407,fp16
Qwen3-0.6B,Q5_K_M,llama-cpp,constrained,T1+T6,1,0.8092536305302263,0.8092536305302263,0.8092536305302263,0.86,0.94,0.5957446808510638,0.8412698412698413,2.646484375,0.3057843976616058,0.016604712866397326,0.04475421863536322,fp16
Qwen3-0.6B,Q4_K_M,llama-cpp,constrained,T1+T6,1,0.7869714415820972,0.7869714415820972,0.7869714415820972,0.86,0.915,0.5792349726775956,0.7936507936507936,2.5078125,0.313807926861397,0.04368176111424219,0.0712266817410967,fp16
Qwen3-0.6B,fp16,llama-cpp,free,T1+T6,3,0.8224494169778858,0.7974179751865852,0.84701232899848,0.8766666666666666,0.93,0.6054439520807472,0.877687049164129,2.1477864583333335,0.3829288585868543,,,fp16
Qwen3-0.6B,Q8_0,llama-cpp,free,T1+T6,3,0.8257997492786467,0.8035070850202427,0.8496301300456004,0.8783333333333333,0.9316666666666666,0.6096639947340843,0.8835350023805032,1.4541015625,0.5679106402023736,-0.004073602864321889,-0.006970162372311987,fp16
Qwen3-0.6B,Q5_K_M,llama-cpp,free,T1+T6,3,0.8195533277503065,0.7972173221515325,0.8521890305691606,0.8783333333333333,0.9349999999999999,0.6094708455185228,0.8554091321493699,1.2737630208333333,0.643411148185265,0.0035212976844472546,-0.006651141569647002,fp16
Qwen3-0.6B,Q4_K_M,llama-cpp,free,T1+T6,3,0.7976295845872494,0.778960717009916,0.8269565951697349,0.8733333333333334,0.93,0.5750022182997706,0.8121827867158936,1.2288411458333333,0.6490908831396107,0.030177943929776907,0.05028001960603715,fp16
Qwen3-0.6B,fp16,llama-cpp,free,T2+T3,3,0.7646016483516483,0.7567857142857143,0.7717582417582417,0.6866666666666666,0.8983333333333334,0.4734065934065934,1.0,1.9833984375,0.38550078183756176,,,fp16
Qwen3-0.6B,Q4_K_M,llama-cpp,free,T2+T3,3,0.7537434638975687,0.7438700564971752,0.7640851955307263,0.6916666666666668,0.8916666666666666,0.4316405222569412,1.0,1.2373046875,0.6091817735052174,0.014201099981262148,0.08822452355195798,fp16
Qwen3-1.7B,Q8_0,llama-cpp,constrained,T1+T6,1,0.8466071428571428,0.8466071428571428,0.8466071428571428,0.87,0.945,0.6825396825396826,0.8888888888888888,2.5673828125,0.32975493126120736,,,Q8_0
Qwen3-1.7B,Q5_K_M,llama-cpp,constrained,T1+T6,1,0.8338287250384026,0.8338287250384026,0.8338287250384026,0.86,0.93,0.6881720430107527,0.8571428571428571,2.0322265625,0.41030303432932447,0.015093680612728387,-0.008252063015753992,Q8_0
Qwen3-1.7B,Q4_K_M,llama-cpp,constrained,T1+T6,1,0.8416410650281618,0.8416410650281618,0.8416410650281618,0.87,0.93,0.6935483870967742,0.873015873015873,1.8935546875,0.44447676667810093,0.005865858646339029,-0.016129032258064564,Q8_0
Qwen3-1.7B,Q8_0,llama-cpp,free,T1+T6,3,0.84155256630926,0.8047222630598844,0.8733282930107528,0.88,0.9333333333333332,0.6811231747509682,0.8717537571527384,2.5673828125,0.3277861650440024,,,Q8_0
Qwen3-1.7B,Q5_K_M,llama-cpp,free,T1+T6,3,0.8429794554624775,0.8209755157123578,0.8741341256366724,0.88,0.93,0.6895217779767865,0.8723960438731236,2.0315755208333335,0.4149387737831647,-0.0016955437014176636,-0.012330520436173685,Q8_0
Qwen3-1.7B,Q4_K_M,llama-cpp,free,T1+T6,3,0.8435088842177128,0.8135014619883041,0.8753841256366724,0.8833333333333333,0.9266666666666667,0.686348487706722,0.877687049164129,1.8929036458333333,0.4456163873287728,-0.002324653250161702,-0.007671612344807188,Q8_0
